{
  "project_info": {
    "project_number": "861084270262",
    "project_id": "RTA"
  },
  "client": [
    {
      "client_info": {
        "mobilesdk_app_id": "1:861084270262:android:53d2a4622964425e",
        "android_client_info": {
          "package_name": "com.example.rou.rta"
        }
      },
      "oauth_client": [
        {
          "client_id": "861084270262-15rj8e5ptr7ibemomrdnss091f2olqbq.apps.googleusercontent.com",
          "client_type": 1,
          "android_info": {
            "package_name": "com.example.rou.rta",
            "certificate_hash": "EF9F0B962414980C285936239D476849AC64753F"
          }
        },
        {
          "client_id": "861084270262-4if60s0v6elp83uo4233m2trfpl81vls.apps.googleusercontent.com",
          "client_type": 3
        }
      ],
      "api_key": [
        {
          "current_key": "AIzaSyDrG7t4ut71GwOCSYXUJryP5HOPWZJWAMs"
        }
      ],
      "services": {
        "analytics_service": {
          "status": 1
        },
        "appinvite_service": {
          "status": 1,
          "other_platform_oauth_client": []
        },
        "ads_service": {
          "status": 1
        }
      }
    }
  ],
  "configuration_version": "1"
}